file,loc,sloc
game/Alien.java,140,116
game/AlienBullet.java,76,62
game/AlienExplosion.java,49,41
game/AlienGrid.java,198,159
game/BackgroundMusic.java,54,44
game/BossAlien.java,246,215
game/BossExplosion.java,48,43
game/BunkerTile.java,100,84
game/EasyAlien.java,21,19
game/GameOverWorld.java,73,61
game/GameSettings.java,63,43
game/GameWorld.java,407,351
game/HardAlien.java,21,19
game/IntroWorld.java,112,96
game/Level1World.java,101,81
game/Level2World.java,132,109
game/Level3World.java,80,64
game/LevelClearWorld.java,80,68
game/LifeIcon.java,20,18
game/LoadingWorld.java,85,70
game/MidAlien.java,21,19
game/PlayerBullet.java,56,47
game/PlayerCannon.java,153,125
game/PlayerExplosion.java,57,49
game/PulsePrompt.java,83,72
game/ScoreManager.java,45,38
game/ScorePopup.java,65,52
game/ScreenFlash.java,47,39
game/SmoothMover.java,55,49
game/StarActor.java,56,48
game/UIButton.java,128,101
game/UIManager.java,471,382
TOTAL,3343,2784
